{"cameraMode":{"drawMode":0,"name":"Shaded","section":"Shading Mode"},"sceneLighting":true,"audioPlay":false,"sceneViewState":{"showFog":true,"showMaterialUpdate":true,"showSkybox":true,"showFlares":true,"showImageEffects":true,"showParticleSystems":true},"in2DMode":false,"pivot":{"x":0.12371192872524262,"y":0.16791534423828126,"z":5.890142440795898},"rotation":{"x":0.6866320371627808,"y":0.0076330420561134819,"z":-0.007209902163594961,"w":0.7269296050071716},"size":113.7972183227539,"orthographic":false}