{"cameraMode":{"drawMode":0,"name":"Shaded","section":"Shading Mode"},"sceneLighting":true,"audioPlay":false,"sceneViewState":{"showFog":true,"showMaterialUpdate":true,"showSkybox":true,"showFlares":true,"showImageEffects":true,"showParticleSystems":true},"in2DMode":false,"pivot":{"x":0.6880767345428467,"y":1.4977915287017823,"z":-0.14864158630371095},"rotation":{"x":0.17002300918102265,"y":-0.825107991695404,"z":0.3285067081451416,"w":0.4270598292350769},"size":4.258137226104736,"orthographic":false}